path,language,bytes
start.py,py,636
app/frozen_replay.py,py,7082
app/main.py,py,3374
app/model_bridge.py,py,3494
app/__init__.py,py,47
model_runtime/submission_final/activation.py,py,447
model_runtime/submission_final/donor_support.py,py,1192
model_runtime/submission_final/evidence.py,py,600
model_runtime/submission_final/kr_adapter.py,py,2362
model_runtime/submission_final/kr_anomaly.py,py,652
model_runtime/submission_final/kr_features.py,py,4252
model_runtime/submission_final/original_features.py,py,2828
model_runtime/submission_final/replay.py,py,1688
model_runtime/submission_final/risk_index.py,py,963
model_runtime/submission_final/__init__.py,py,81
static/app.js,js,33632
tests/test_app.py,py,7755
tests/test_model_integration.py,py,1093
